"1", "Actor's Cabaret", "http://cdn2-b.examiner.com/sites/default/files/styles/image_content_width/hash/14/72/14723429199e5bea01e830c09c3c0cc7.jpg?itok=5X1Y0Q_w"
"2", "Bijou Metro Cinema", "https://blogs.uoregon.edu/bstanle7f15gateway/files/2012/09/StanleyBrett_InTheMoment1-1hx71ws-e1449276347408.jpg"
"3", "Hult Center", "https://upload.wikimedia.org/wikipedia/commons/0/00/HultCenterPerformingArts.jpg"
"4", "Mcdonald Theatre", "https://upload.wikimedia.org/wikipedia/commons/1/1f/McDonald_Theatre.jpg"
"5", "Oregon Contemporary Theatre", "http://bestofeugene.com/wp-content/uploads/2015/11/20151105best-theater-OCT-819x1024.jpg"
"6", "The Shedd Institute", "http://musictour.eu/data//uploads/media/halls/3670/3b470a882d5b4b94a8dacba42a980417.jpg"
"7", "W.O.W. Hall", "http://www.wowhall.org/sites/default/files/images/WOW1.jpg"
