[
 {
  "duplicate_of_id": null, 
  "description": "The meeting room is in the basement.\r\n\r\nWear a Hawaiian shirt and it's buy a beer, get one free.", 
  "locality": "Eugene", 
  "url": "http://rogue.com/", 
  "country": "US", 
  "region": "Oregon", 
  "title": "Eugene City Brewery, Basement", 
  "telephone": "541-345-4155", 
  "longitude": -123.0944056, 
  "email": "", 
  "updated_at": "2010-08-10T22:08:48-07:00", 
  "source_id": null, 
  "postal_code": "97401", 
  "address": "844 Olive Street, Eugene", 
  "id": 2, 
  "latitude": 44.050517800000002, 
  "created_at": "2010-08-09T23:40:17-07:00", 
  "street_address": "844 Olive Street"
 }, 
 {
  "duplicate_of_id": null, 
  "description": "To be announced.", 
  "locality": "", 
  "url": "", 
  "country": null, 
  "region": "", 
  "title": "TBA", 
  "telephone": "", 
  "longitude": null, 
  "email": "", 
  "updated_at": "2010-08-10T08:16:51-07:00", 
  "source_id": null, 
  "postal_code": "", 
  "address": "", 
  "id": 3, 
  "latitude": null, 
  "created_at": "2010-08-10T08:16:33-07:00", 
  "street_address": ""
 }, 
 {
  "duplicate_of_id": null, 
  "description": "Motel/lodge on the bank of the Willamette River.", 
  "locality": "Eugene", 
  "url": "http://www.valleyriverinn.com/", 
  "country": "US", 
  "region": "Oregon", 
  "title": "Valley River Inn, McKenzie Ballroom", 
  "telephone": "541-743-1000", 
  "longitude": -123.1029156, 
  "email": "", 
  "updated_at": "2010-08-10T08:22:58-07:00", 
  "source_id": null, 
  "postal_code": "97401-2115", 
  "address": "Valley River", 
  "id": 4, 
  "latitude": 44.065568399999997, 
  "created_at": "2010-08-10T08:20:48-07:00", 
  "street_address": "1000 Valley River Way"
 }, 
 {
  "duplicate_of_id": null, 
  "description": "", 
  "locality": "Eugene", 
  "url": "", 
  "country": "US", 
  "region": "Oregon", 
  "title": "Sacred Heart Medical Center - University District Auditorium", 
  "telephone": "", 
  "longitude": -123.08208689999999, 
  "email": "", 
  "updated_at": "2010-08-10T11:10:40-07:00", 
  "source_id": null, 
  "postal_code": "97401", 
  "address": "1255 Hilyard St., Eugene", 
  "id": 5, 
  "latitude": 44.046002899999998, 
  "created_at": "2010-08-10T11:09:22-07:00", 
  "street_address": "1255 Hilyard St."
 }, 
 {
  "duplicate_of_id": null, 
  "description": "Pizza, beer, and live stage", 
  "locality": "Eugene", 
  "url": "http://www.cozmicpizza.com/", 
  "country": "US", 
  "region": "Oregon", 
  "title": "Cozmic Pizza", 
  "telephone": "541-338-9333", 
  "longitude": -123.095535, 
  "email": "", 
  "updated_at": "2010-08-10T11:35:19-07:00", 
  "source_id": null, 
  "postal_code": "97401", 
  "address": "in The Strand, 8th & Charnelton, Eugene", 
  "id": 6, 
  "latitude": 44.051338999999999, 
  "created_at": "2010-08-10T11:33:33-07:00", 
  "street_address": "199 W 8th Ave."
 }, 
 {
  "duplicate_of_id": null, 
  "description": "", 
  "locality": "Eugene", 
  "url": "", 
  "country": "US", 
  "region": "OR", 
  "title": "Deschutes Hall, UO Campus", 
  "telephone": "(541) 346-1000", 
  "longitude": -123.07082, 
  "email": "", 
  "updated_at": "2010-08-10T12:34:04-07:00", 
  "source_id": null, 
  "postal_code": "97403", 
  "address": "", 
  "id": 7, 
  "latitude": 44.045474300000002, 
  "created_at": "2010-08-10T12:18:01-07:00", 
  "street_address": ""
 }, 
 {
  "duplicate_of_id": null, 
  "description": "", 
  "locality": "Eugene", 
  "url": "http://libweb.uoregon.edu/guides/architecture/oregon/deschutes.html", 
  "country": "US", 
  "region": "OR", 
  "title": "Deschutes Hall on the University of Oregon campus", 
  "telephone": "", 
  "longitude": -123.07029420000001, 
  "email": "", 
  "updated_at": "2010-08-10T12:36:13-07:00", 
  "source_id": null, 
  "postal_code": "97403", 
  "address": "University of Oregon", 
  "id": 8, 
  "latitude": 44.045487899999998, 
  "created_at": "2010-08-10T12:31:29-07:00", 
  "street_address": "East 13th"
 }, 
 {
  "duplicate_of_id": null, 
  "description": null, 
  "locality": "Portland", 
  "url": null, 
  "country": "US", 
  "region": "Oregon", 
  "title": "Green Dragon Bistro &amp; Brewpub", 
  "telephone": null, 
  "longitude": -122.6567044, 
  "email": null, 
  "updated_at": "2010-08-10T22:40:02-07:00", 
  "source_id": 1, 
  "postal_code": "97214", 
  "address": null, 
  "id": 9, 
  "latitude": 45.515943300000004, 
  "created_at": "2010-08-10T22:40:02-07:00", 
  "street_address": "928 SE 9th Ave"
 }, 
 {
  "duplicate_of_id": null, 
  "description": "", 
  "locality": " Eugene", 
  "url": "", 
  "country": "US", 
  "region": "OR", 
  "title": "Ninkasi Brewery", 
  "telephone": " (541) 344-2739", 
  "longitude": -123.10988, 
  "email": "", 
  "updated_at": "2010-09-01T23:18:34-07:00", 
  "source_id": null, 
  "postal_code": "97402", 
  "address": "272 Van Buren Street", 
  "id": 10, 
  "latitude": 44.056854999999999, 
  "created_at": "2010-08-16T09:37:18-07:00", 
  "street_address": "272 Van Buren Street, Eugene, Oregon 97402"
 }, 
 {
  "duplicate_of_id": null, 
  "description": null, 
  "locality": "Seattle", 
  "url": null, 
  "country": "US", 
  "region": "WA", 
  "title": "Bell Harbor International Conference Center", 
  "telephone": null, 
  "longitude": null, 
  "email": null, 
  "updated_at": "2010-08-17T19:19:30-07:00", 
  "source_id": 2, 
  "postal_code": "98121", 
  "address": null, 
  "id": 11, 
  "latitude": null, 
  "created_at": "2010-08-17T19:19:30-07:00", 
  "street_address": "2211 Alaskan Way, Pier 66"
 }, 
 {
  "duplicate_of_id": null, 
  "description": "", 
  "locality": "Eugene", 
  "url": "http://pizzaresearchinstitute.com/", 
  "country": "US", 
  "region": "OR", 
  "title": "Pizza Research Institute", 
  "telephone": "(541) 343-1307", 
  "longitude": -123.1078533, 
  "email": "", 
  "updated_at": "2010-08-18T11:33:02-07:00", 
  "source_id": null, 
  "postal_code": "97402", 
  "address": "530 Blair Boulevard, Eugene, OR 97402", 
  "id": 12, 
  "latitude": 44.054102899999997, 
  "created_at": "2010-08-18T11:29:50-07:00", 
  "street_address": "530 Blair Boulevard"
 }, 
 {
  "duplicate_of_id": null, 
  "description": "", 
  "locality": "Corvallis", 
  "url": "", 
  "country": "US", 
  "region": "Oregon", 
  "title": "Intersector Workspace, Corvallis", 
  "telephone": "(541) 602-4663", 
  "longitude": -123.2616455, 
  "email": "", 
  "updated_at": "2010-09-01T21:15:00-07:00", 
  "source_id": null, 
  "postal_code": "97330", 
  "address": "129 NW 4th St. Suite B, Corvallis, Oregon", 
  "id": 13, 
  "latitude": 44.5652276, 
  "created_at": "2010-09-01T21:13:15-07:00", 
  "street_address": "129 NW 4th St. Suite B"
 }, 
 {
  "duplicate_of_id": null, 
  "description": "Restaurant", 
  "locality": "Eugene", 
  "url": "http://www.oesrestaurant.com/", 
  "country": "US", 
  "region": "Oregon", 
  "title": "Oregon Electric Station", 
  "telephone": "(541) 485-4444?", 
  "longitude": -123.091517, 
  "email": "", 
  "updated_at": "2010-09-02T20:21:04-07:00", 
  "source_id": null, 
  "postal_code": "97401", 
  "address": "27 East 5th Avenue, Eugene, OR?", 
  "id": 14, 
  "latitude": 44.054600999999998, 
  "created_at": "2010-09-02T20:19:16-07:00", 
  "street_address": "27 East 5th Avenue"
 }, 
 {
  "duplicate_of_id": null, 
  "description": "", 
  "locality": "Eugene", 
  "url": "", 
  "country": "US", 
  "region": "Oregon", 
  "title": "Red Lion Hotel", 
  "telephone": "", 
  "longitude": -123.076381, 
  "email": "", 
  "updated_at": "2010-09-08T09:57:06-07:00", 
  "source_id": null, 
  "postal_code": "97401", 
  "address": "205 Coburg Road, Eugene, OR", 
  "id": 15, 
  "latitude": 44.063758, 
  "created_at": "2010-09-08T09:55:51-07:00", 
  "street_address": "205 Coburg Road"
 }, 
 {
  "duplicate_of_id": null, 
  "description": "", 
  "locality": "Corvallis", 
  "url": "", 
  "country": "US", 
  "region": "OR", 
  "title": "CH2M HILL Alumni Center, Corvallis", 
  "telephone": "", 
  "longitude": -123.2620435, 
  "email": "", 
  "updated_at": "2010-09-22T09:32:16-07:00", 
  "source_id": null, 
  "postal_code": "97330", 
  "address": "Oregon State University Campus", 
  "id": 16, 
  "latitude": 44.564565899999998, 
  "created_at": "2010-09-22T09:31:46-07:00", 
  "street_address": null
 }, 
 {
  "duplicate_of_id": null, 
  "description": "", 
  "locality": "Eugene", 
  "url": "", 
  "country": "US", 
  "region": "Oregon", 
  "title": "Oregon Community Credit Union Corporate Offices", 
  "telephone": "", 
  "longitude": -123.063295, 
  "email": "", 
  "updated_at": "2010-09-27T11:18:34-07:00", 
  "source_id": null, 
  "postal_code": "97408", 
  "address": "2880 Chad Drive, Eugene, OR 97408", 
  "id": 17, 
  "latitude": 44.088819000000001, 
  "created_at": "2010-09-27T11:17:31-07:00", 
  "street_address": "2880 Chad Drive"
 }, 
 {
  "duplicate_of_id": null, 
  "description": "", 
  "locality": "Eugene", 
  "url": "", 
  "country": "US", 
  "region": "Oregon", 
  "title": "Knight Law Center, University of Oregon", 
  "telephone": "", 
  "longitude": -123.0696226, 
  "email": "", 
  "updated_at": "2010-10-03T16:20:00-07:00", 
  "source_id": null, 
  "postal_code": "97403", 
  "address": "1515 Agate St., Eugene OR 97403", 
  "id": 18, 
  "latitude": 44.043133300000001, 
  "created_at": "2010-10-03T16:17:26-07:00", 
  "street_address": "1515 Agate St."
 }, 
 {
  "duplicate_of_id": null, 
  "description": "www.coburgsidebar.com", 
  "locality": "Eugene", 
  "url": "", 
  "country": "US", 
  "region": "OR", 
  "title": "Side Bar", 
  "telephone": " (541) 343-1200 ", 
  "longitude": -123.06818, 
  "email": "", 
  "updated_at": "2010-10-05T08:20:32-07:00", 
  "source_id": null, 
  "postal_code": "97401", 
  "address": "1680 Coburd Rd. Eugene, OR", 
  "id": 19, 
  "latitude": 44.081221900000003, 
  "created_at": "2010-10-05T07:55:14-07:00", 
  "street_address": "1680 Coburg Suite 108 "
 }, 
 {
  "duplicate_of_id": null, 
  "description": "A bar downtown.", 
  "locality": "Eugene", 
  "url": "http://www.myspace.com/505630219", 
  "country": "US", 
  "region": "OR", 
  "title": "Cowfish", 
  "telephone": "", 
  "longitude": -123.09359809999999, 
  "email": "", 
  "updated_at": "2010-10-11T18:00:53-07:00", 
  "source_id": null, 
  "postal_code": "97401", 
  "address": "62 W. Broadway - Downtown Eugene", 
  "id": 20, 
  "latitude": 44.049912300000003, 
  "created_at": "2010-10-11T17:56:32-07:00", 
  "street_address": "62 W. Broadway"
 }, 
 {
  "duplicate_of_id": null, 
  "description": "", 
  "locality": "Corvallis", 
  "url": "", 
  "country": "US", 
  "region": "Oregon", 
  "title": "Kelley Engineering Center, OSU", 
  "telephone": "", 
  "longitude": -123.2789563, 
  "email": "", 
  "updated_at": "2010-10-12T14:27:38-07:00", 
  "source_id": null, 
  "postal_code": "97331", 
  "address": "Kelley Engineering Center Corvallis, OR 97331-5501", 
  "id": 21, 
  "latitude": 44.5687979, 
  "created_at": "2010-10-12T14:17:20-07:00", 
  "street_address": "25th and Monroe"
 }, 
 {
  "duplicate_of_id": null, 
  "description": "", 
  "locality": "Eugene", 
  "url": "", 
  "country": "US", 
  "region": "OR", 
  "title": "Eugene City Brewery", 
  "telephone": "", 
  "longitude": -123.08675359999999, 
  "email": "", 
  "updated_at": "2010-10-15T12:18:05-07:00", 
  "source_id": null, 
  "postal_code": null, 
  "address": "844 Olive St", 
  "id": 22, 
  "latitude": 44.052069099999997, 
  "created_at": "2010-10-15T12:16:19-07:00", 
  "street_address": null
 }, 
 {
  "duplicate_of_id": null, 
  "description": "SE corner of 11th and Pearl.  Upstairs.  Parking available after hours behind the building.  Building is locked after 5:00; event organizers need to make suitable arrangements.", 
  "locality": "Eugene", 
  "url": "http://www.emberex.com/", 
  "country": "US", 
  "region": "Oregon", 
  "title": "Emberex, Inc.", 
  "telephone": "", 
  "longitude": -123.08950249999999, 
  "email": "", 
  "updated_at": "2010-11-09T17:55:03-08:00", 
  "source_id": null, 
  "postal_code": "97401", 
  "address": "211 E. 11th Ave., #6, Eugene, Oregon 97401", 
  "id": 25, 
  "latitude": 44.047723099999999, 
  "created_at": "2010-11-08T18:35:32-08:00", 
  "street_address": "211 E. 11th Ave., #6"
 }, 
 {
  "duplicate_of_id": null, 
  "description": "IT Pro Forum is hosting a presentation by\r\nLarry Price, Moonshadow Mobile, Inc.\r\n\r\nTITLE:  \r\nA brief introduction to using PostGIS and other Open Source mapping tools to deal with geographic data in quantity.\r\n\r\nABSTRACT:  \r\nI'll be using shapefiles from TriMet to illustrate the talk and demonstrate how to write queries against a geographic database, and demonstrating how to present the same data in a table and a map using some straightforward Open Source tools.\r\n\r\nEvent is free and open to the public.\r\n", 
  "locality": "", 
  "url": "", 
  "country": null, 
  "region": "", 
  "title": "Eugene City Brewery, Basement", 
  "telephone": "", 
  "longitude": null, 
  "email": "", 
  "updated_at": "2011-01-10T15:18:35-08:00", 
  "source_id": null, 
  "postal_code": "", 
  "address": "", 
  "id": 26, 
  "latitude": null, 
  "created_at": "2011-01-10T15:13:34-08:00", 
  "street_address": ""
 }, 
 {
  "duplicate_of_id": null, 
  "description": "", 
  "locality": "", 
  "url": "", 
  "country": null, 
  "region": "", 
  "title": "Venue 2 -- how to, too?", 
  "telephone": "", 
  "longitude": null, 
  "email": "", 
  "updated_at": "2011-01-11T11:33:37-08:00", 
  "source_id": null, 
  "postal_code": "", 
  "address": "", 
  "id": 28, 
  "latitude": null, 
  "created_at": "2011-01-11T10:57:20-08:00", 
  "street_address": ""
 }, 
 {
  "duplicate_of_id": null, 
  "description": null, 
  "locality": null, 
  "url": null, 
  "country": null, 
  "region": null, 
  "title": "Eugene City Brewery, Basement", 
  "telephone": null, 
  "longitude": null, 
  "email": null, 
  "updated_at": "2011-01-11T11:21:08-08:00", 
  "source_id": 12, 
  "postal_code": null, 
  "address": null, 
  "id": 29, 
  "latitude": null, 
  "created_at": "2011-01-11T11:21:08-08:00", 
  "street_address": null
 }, 
 {
  "duplicate_of_id": null, 
  "description": "Look for EADNUG signs on the front entrance.", 
  "locality": "Springfield", 
  "url": "http://eadnug.org", 
  "country": "US", 
  "region": "OR", 
  "title": "Northwest Community Credit Union", 
  "telephone": "", 
  "longitude": -123.045119, 
  "email": "eadnug@live.com", 
  "updated_at": "2011-01-24T22:56:22-08:00", 
  "source_id": null, 
  "postal_code": "97477", 
  "address": "3660 Gateway St, Springfield, OR 97477", 
  "id": 30, 
  "latitude": 44.087550999999998, 
  "created_at": "2011-01-24T22:53:08-08:00", 
  "street_address": "3660 Gateway St"
 }, 
 {
  "duplicate_of_id": null, 
  "description": "", 
  "locality": "Eugene", 
  "url": "", 
  "country": "US", 
  "region": "OR", 
  "title": "Oregon Research Institute", 
  "telephone": "", 
  "longitude": -123.067705, 
  "email": "", 
  "updated_at": "2011-04-08T11:32:37-07:00", 
  "source_id": null, 
  "postal_code": "97403", 
  "address": "1715 Franklin Blvd. Eugene, OR", 
  "id": 31, 
  "latitude": 44.046292000000001, 
  "created_at": "2011-04-08T11:31:26-07:00", 
  "street_address": "1715 Franklin Blvd"
 }, 
 {
  "duplicate_of_id": null, 
  "description": "", 
  "locality": "Eugene", 
  "url": "", 
  "country": "US", 
  "region": "OR", 
  "title": "Papa's Pizza, Coberg Rd, Eugene", 
  "telephone": "", 
  "longitude": -123.067673, 
  "email": "", 
  "updated_at": "2011-04-29T08:40:22-07:00", 
  "source_id": null, 
  "postal_code": "97401", 
  "address": "1577 Coburg Road Eugene, OR 97401", 
  "id": 32, 
  "latitude": 44.079292000000002, 
  "created_at": "2011-04-29T08:40:05-07:00", 
  "street_address": "1577 Coburg Rd"
 }, 
 {
  "duplicate_of_id": null, 
  "description": "A group of makers with a shared space for our projects.  A growing collection of tools for wood, metal, electronics, and everything else.\r\n\r\nEugene Maker Space is an Oregon nonprofit.  We're working on 501c(3).\r\n", 
  "locality": "Eugene", 
  "url": "http://www.eugenemakerspace.com/", 
  "country": "US", 
  "region": "Oregon", 
  "title": "Eugene Maker Space", 
  "telephone": "", 
  "longitude": -123.1297478, 
  "email": "info@eugenemakerspace.com", 
  "updated_at": "2012-01-24T06:37:47-08:00", 
  "source_id": null, 
  "postal_code": "97402", 
  "address": "687 McKinley St., Suite 2, Eugene", 
  "id": 33, 
  "latitude": 44.0522402, 
  "created_at": "2012-01-24T06:32:35-08:00", 
  "street_address": "687 McKinley St., Suite 2"
 }, 
 {
  "duplicate_of_id": null, 
  "description": "CodeChops is creating a modern coworking space in the newly remodeled Broadway Commerce Center in the center of downtown Eugene. There will be a focus on technology. The space will allow collaboration amongst a wide range of talents that may be working on the same or different projects. This will benefit both employee and employer. We are excited to grow the space and be a part of this Beam development in Eugene.\r\n", 
  "locality": "Eugene", 
  "url": "http://www.codechops.com/", 
  "country": "US", 
  "region": "Oregon", 
  "title": "CodeChops", 
  "telephone": "", 
  "longitude": -123.09317299999999, 
  "email": "", 
  "updated_at": "2012-02-27T10:18:49-08:00", 
  "source_id": null, 
  "postal_code": "97401", 
  "address": "44 W. Broadway, Eugene, OR", 
  "id": 34, 
  "latitude": 44.049719000000003, 
  "created_at": "2012-02-27T10:15:50-08:00", 
  "street_address": "44 W. Broadway"
 }, 
 {
  "duplicate_of_id": null, 
  "description": null, 
  "locality": null, 
  "url": null, 
  "country": null, 
  "region": null, 
  "title": "Broadway Commerce Center (Willamette & Broadway , Eugene, OR 97401)", 
  "telephone": null, 
  "longitude": null, 
  "email": null, 
  "updated_at": "2012-03-06T12:13:31-08:00", 
  "source_id": 15, 
  "postal_code": null, 
  "address": null, 
  "id": 36, 
  "latitude": null, 
  "created_at": "2012-03-06T12:13:31-08:00", 
  "street_address": null
 }, 
 {
  "duplicate_of_id": null, 
  "description": null, 
  "locality": null, 
  "url": null, 
  "country": null, 
  "region": null, 
  "title": "CodeChops (44 West Broadway, Eugene, OR 97401)", 
  "telephone": null, 
  "longitude": null, 
  "email": null, 
  "updated_at": "2012-03-06T12:13:31-08:00", 
  "source_id": 15, 
  "postal_code": null, 
  "address": null, 
  "id": 37, 
  "latitude": null, 
  "created_at": "2012-03-06T12:13:31-08:00", 
  "street_address": null
 }, 
 {
  "duplicate_of_id": null, 
  "description": "16 tons cafe in South Eugene. 12 taps of draft beer, great wine list, full food and coffee menu.", 
  "locality": "Eugene", 
  "url": "http://sixteentons.biz/", 
  "country": null, 
  "region": "Oregon", 
  "title": "Supreme Bean - Union Cafe", 
  "telephone": "", 
  "longitude": -123.09363, 
  "email": "sixteentonsbeer@gmail.com", 
  "updated_at": "2012-03-12T13:49:16-07:00", 
  "source_id": null, 
  "postal_code": "97405", 
  "address": "2864 Willamette Street, Eugene, OR 97405", 
  "id": 38, 
  "latitude": 44.027434999999997, 
  "created_at": "2012-03-12T13:45:32-07:00", 
  "street_address": "2864 Willamette Street"
 }, 
 {
  "duplicate_of_id": null, 
  "description": "", 
  "locality": "Eugene", 
  "url": "http://www.oesrestaurant.com/", 
  "country": "US", 
  "region": "Oregon", 
  "title": "Oregon Electric Station (27 E. 5th, Eugene, OR 97401)", 
  "telephone": "", 
  "longitude": -123.092232, 
  "email": "", 
  "updated_at": "2012-03-14T19:14:49-07:00", 
  "source_id": 17, 
  "postal_code": "97401", 
  "address": "27 E. 5th, Eugene, OR 97401", 
  "id": 39, 
  "latitude": 44.054432800000001, 
  "created_at": "2012-03-14T19:13:15-07:00", 
  "street_address": "27 E. 5th"
 }, 
 {
  "duplicate_of_id": null, 
  "description": null, 
  "locality": null, 
  "url": null, 
  "country": null, 
  "region": null, 
  "title": "Code", 
  "telephone": null, 
  "longitude": null, 
  "email": null, 
  "updated_at": "2012-04-18T08:19:44-07:00", 
  "source_id": null, 
  "postal_code": null, 
  "address": null, 
  "id": 40, 
  "latitude": null, 
  "created_at": "2012-04-18T08:19:44-07:00", 
  "street_address": null
 }, 
 {
  "duplicate_of_id": null, 
  "description": null, 
  "locality": null, 
  "url": null, 
  "country": null, 
  "region": null, 
  "title": "Eugene M", 
  "telephone": null, 
  "longitude": null, 
  "email": null, 
  "updated_at": "2012-04-19T12:48:23-07:00", 
  "source_id": null, 
  "postal_code": null, 
  "address": null, 
  "id": 41, 
  "latitude": null, 
  "created_at": "2012-04-19T12:48:23-07:00", 
  "street_address": null
 }, 
 {
  "duplicate_of_id": null, 
  "description": null, 
  "locality": null, 
  "url": null, 
  "country": null, 
  "region": null, 
  "title": "Deschutes Hall(colloquium room) on the University of Oregon campus", 
  "telephone": null, 
  "longitude": null, 
  "email": null, 
  "updated_at": "2012-05-29T16:21:45-07:00", 
  "source_id": null, 
  "postal_code": null, 
  "address": null, 
  "id": 42, 
  "latitude": null, 
  "created_at": "2012-05-29T16:21:45-07:00", 
  "street_address": null
 }, 
 {
  "duplicate_of_id": null, 
  "description": "Children's museum.", 
  "locality": "Eugene", 
  "url": "http://www.sciencefactory.org/", 
  "country": "US", 
  "region": "Oregon", 
  "title": "The Science Factory", 
  "telephone": "(541)682-7888", 
  "longitude": -123.07286000000001, 
  "email": "info@sciencefactory.org", 
  "updated_at": "2012-06-05T14:58:37-07:00", 
  "source_id": null, 
  "postal_code": "97440", 
  "address": "2300 Leo Harris Parkway, Eugene, OR 97440", 
  "id": 43, 
  "latitude": 44.056427999999997, 
  "created_at": "2012-06-05T14:50:54-07:00", 
  "street_address": "2300 Leo Harris Parkway"
 }, 
 {
  "duplicate_of_id": null, 
  "description": null, 
  "locality": null, 
  "url": null, 
  "country": null, 
  "region": null, 
  "title": "Oregon Electric Station (27 E. 5th, Eugene, OR 97401)", 
  "telephone": null, 
  "longitude": null, 
  "email": null, 
  "updated_at": "2012-07-13T14:18:03-07:00", 
  "source_id": 23, 
  "postal_code": null, 
  "address": null, 
  "id": 44, 
  "latitude": null, 
  "created_at": "2012-07-13T14:18:03-07:00", 
  "street_address": null
 }, 
 {
  "duplicate_of_id": null, 
  "description": "Email for directions. EUGLUG meets nearly every Thursday of the year from just after 7pm until approximately 9:30pm. Meetings are a loose gathering of folks socializing, drinking, eating, and working on anything that could involve Linux or other Unix type operating systems. ", 
  "locality": "Eugene", 
  "url": "http://euglug.org", 
  "country": "US", 
  "region": "OR", 
  "title": "Private Home West Eugene Between River Rd And 99 S of Beltline", 
  "telephone": "", 
  "longitude": -123.08675359999999, 
  "email": "notanatheist@gmail.com", 
  "updated_at": "2012-08-22T09:42:20-07:00", 
  "source_id": null, 
  "postal_code": null, 
  "address": "", 
  "id": 45, 
  "latitude": 44.052069099999997, 
  "created_at": "2012-08-21T22:57:52-07:00", 
  "street_address": null
 }, 
 {
  "duplicate_of_id": null, 
  "description": "", 
  "locality": "Eugene", 
  "url": "http://law.uoregon.edu/", 
  "country": "US", 
  "region": "OR", 
  "title": "University of Oregon School of Law", 
  "telephone": "(541) 346-3852", 
  "longitude": -123.06961819999999, 
  "email": "", 
  "updated_at": "2012-08-22T09:56:15-07:00", 
  "source_id": null, 
  "postal_code": "97403", 
  "address": "1515 Agate St., Eugene OR 97403", 
  "id": 46, 
  "latitude": 44.043143700000002, 
  "created_at": "2012-08-22T09:54:31-07:00", 
  "street_address": "1515 Agate St."
 }, 
 {
  "duplicate_of_id": null, 
  "description": null, 
  "locality": null, 
  "url": null, 
  "country": null, 
  "region": null, 
  "title": "Private Home West Eugene Between River Rd And 99 S of Beltline", 
  "telephone": null, 
  "longitude": null, 
  "email": null, 
  "updated_at": "2012-08-22T16:43:47-07:00", 
  "source_id": 28, 
  "postal_code": null, 
  "address": null, 
  "id": 47, 
  "latitude": null, 
  "created_at": "2012-08-22T16:43:47-07:00", 
  "street_address": null
 }, 
 {
  "duplicate_of_id": null, 
  "description": "Oregon Museum of Science and Industry", 
  "locality": "Portland", 
  "url": "http://www.omsi.edu/", 
  "country": "US", 
  "region": "OR", 
  "title": "OMSI", 
  "telephone": "", 
  "longitude": -122.66501599999999, 
  "email": "", 
  "updated_at": "2012-09-03T20:44:03-07:00", 
  "source_id": null, 
  "postal_code": "97214-3352", 
  "address": "OMSI 1945 SE Water Ave. Portland, OR 97214-3354", 
  "id": 48, 
  "latitude": 45.508056000000003, 
  "created_at": "2012-09-03T20:40:59-07:00", 
  "street_address": "1945 SE Water Ave."
 }, 
 {
  "duplicate_of_id": null, 
  "description": "", 
  "locality": "Eugene", 
  "url": "", 
  "country": "US", 
  "region": "Oregon", 
  "title": "Willamette Hall, University of Oregon", 
  "telephone": "", 
  "longitude": -123.072777, 
  "email": "", 
  "updated_at": "2012-09-06T17:32:09-07:00", 
  "source_id": null, 
  "postal_code": "97403", 
  "address": "1371 E. 13th Ave., Eugene, OR", 
  "id": 49, 
  "latitude": 44.045492199999998, 
  "created_at": "2012-09-06T17:25:58-07:00", 
  "street_address": "1371 E. 13th Ave."
 }, 
 {
  "duplicate_of_id": null, 
  "description": null, 
  "locality": null, 
  "url": null, 
  "country": null, 
  "region": null, 
  "title": "Oregon Electri", 
  "telephone": null, 
  "longitude": null, 
  "email": null, 
  "updated_at": "2012-09-13T09:43:00-07:00", 
  "source_id": null, 
  "postal_code": null, 
  "address": null, 
  "id": 50, 
  "latitude": null, 
  "created_at": "2012-09-13T09:43:00-07:00", 
  "street_address": null
 }, 
 {
  "duplicate_of_id": null, 
  "description": "", 
  "locality": "Eugene", 
  "url": "", 
  "country": "US", 
  "region": "Oregon", 
  "title": "University of Oregon - Lillis room 212", 
  "telephone": "", 
  "longitude": -123.08675359999999, 
  "email": "", 
  "updated_at": "2012-09-20T12:18:04-07:00", 
  "source_id": null, 
  "postal_code": null, 
  "address": "", 
  "id": 51, 
  "latitude": 44.052069099999997, 
  "created_at": "2012-09-20T12:13:26-07:00", 
  "street_address": null
 }, 
 {
  "duplicate_of_id": null, 
  "description": null, 
  "locality": null, 
  "url": null, 
  "country": null, 
  "region": null, 
  "title": "irc.freenode.net", 
  "telephone": null, 
  "longitude": null, 
  "email": null, 
  "updated_at": "2012-09-27T22:55:55-07:00", 
  "source_id": null, 
  "postal_code": null, 
  "address": null, 
  "id": 52, 
  "latitude": null, 
  "created_at": "2012-09-27T22:55:55-07:00", 
  "street_address": null
 } 
]